[
    {
        "id":"1",
        "name":"Andhra Pradesh",
        "parent_id":"0"
    },
    {
        "id":"2",
        "name":"Arunachal Pradesh",
        "parent_id":"0" 
    },
    {
        "id":"3",
        "name":"Assam",
        "parent_id":"0"
    },
    {
        "id":"4",
        "name":"Bihar",
        "parent_id":"0"
    },
    {
        "id":"5",
        "name":"Chandigarh",
        "parent_id":"0"
    },
    {
        "id":"6",
        "name":"Chhattisgarh",
        "parent_id":"0"
    },
    {
        "id":"7",
        "name":"Dadra and Nagar Haveli",
        "parent_id":"0"
    },
    {
        "id":"8",
        "name":"Daman and Diu",
        "parent_id":"0"
    },
    {
        "id":"9",
        "name":"Delhi",
        "parent_id":"0"
    },
    {
        "id":"10",
        "name":"Goa",
        "parent_id":"0"
    },
    {
        "id":"11",
        "name":"Gujarat",
        "parent_id":"0"
    },
    {
        "id":"12",
        "name":"Haryana",
        "parent_id":"0"
    },
    {
        "id":"13",
        "name":"Himachal Pradesh",
        "parent_id":"0"
    },
    {
        "id":"14",
        "name":"Jammu and Kashmir",
        "parent_id":"0"
    },
    {
        "id":"15",
        "name":"Jharkhand",
        "parent_id":"0"
    },
    {
        "id":"16",
        "name":"Karnataka",
        "parent_id":"0"
    },
    {
        "id":"17",
        "name":"Kerala",
        "parent_id":"0"
    },
    {
        "id":"18",
        "name":"Lakshadweep",
        "parent_id":"0"
    },
    {
        "id":"19",
        "name":"Madhya Pradesh",
        "parent_id":"0"
    },
    {
        "id":"20",
        "name":"Maharashtra",
        "parent_id":"0"
    },
    {
        "id":"21",
        "name":"Manipur",
        "parent_id":"0"
    },
    {
        "id":"22",
        "name":"Meghalaya",
        "parent_id":"0"
    },
    {
        "id":"23",
        "name":"Mizoram",
        "parent_id":"0"
    },
    {
        "id":"24",
        "name":"Nagaland",
        "parent_id":"0"
    },
    {
        "id":"25",
        "name":"Odisha",
        "parent_id":"0"
    },
    {
        "id":"26",
        "name":"Puducherry",
        "parent_id":"0"
    },
    {
        "id":"27",
        "name":"Punjab",
        "parent_id":"0"
    },
    {
        "id":"28",
        "name":"Rajasthan",
        "parent_id":"0"
    },
    {
        "id":"29",
        "name":"Sikkim",
        "parent_id":"0"
    },
    {
        "id":"30",
        "name":"Tamil Nadu",
        "parent_id":"0"
    },
    {
        "id":"31",
        "name":"Telangana",
        "parent_id":"0"
    },
    {
        "id":"32",
        "name":"Tripura",
        "parent_id":"0"
    },
    {
        "id":"33",
        "name":"Uttarakhand",
        "parent_id":"0"
    },
    {
        "id":"34",
        "name":"Uttar Pradesh",
        "parent_id":"0"
    },
    {
        "id":"35",
        "name":"West Bengal",
        "parent_id":"0"
    },
    {
        "id":"36",
        "name":"Anantapur",
        "parent_id":"1"
    },
    {
        "id":"37",
        "name":"Chittoor",
        "parent_id":"1"
    },
    {
        "id":"38",
        "name":"East Godavari",
        "parent_id":"1"
    },
    {
        "id":"39",
        "name":"Guntur",
        "parent_id":"1"
    },
    {
        "id":"40",
        "name":"Krishna",
        "parent_id":"1"
    },
    {
        "id":"41",
        "name":"Kurnool",
        "parent_id":"1"
    },
    {
        "id":"42",
        "name":"Nellore",
        "parent_id":"1"
    },
    {
        "id":"43",
        "name":"Prakasam",
        "parent_id":"1"
    },
    {
        "id":"44",
        "name":"Srikakulam",
        "parent_id":"1"
    },
    {
        "id":"45",
        "name":"Visakhapatnam",
        "parent_id":"1"
    },
    {
        "id":"46",
        "name":"Vizianagaram",
        "parent_id":"1"
    },
    {
        "id":"47",
        "name":"West Godavari",
        "parent_id":"1"
    },
    {
        "id":"48",
        "name":"YSR Kadapa",
        "parent_id":"1"
    },
    {
        "id":"49",
        "name":"Tawang",
        "parent_id":"2"
    },
    {
        "id":"50",
        "name":"West Kameng",
        "parent_id":"2"
    },
    {
        "id":"51",
        "name":"East Kameng",
        "parent_id":"2"
    },
    {
        "id":"52",
        "name":"Papum Pare",
        "parent_id":"2"
    },
    {
        "id":"53",
        "name":"Kurung Kumey",                                         
        "parent_id":"2"
    },
    {
        "id":"54",                                                                   
        "name":"Kra Daadi",
        "parent_id":"2"
    },
    {
        "id":"55",
        "name":"Lower Subansiri",
        "parent_id":"2"
    },
    {
        "id":"56",
        "name":"Upper Subansiri",
        "parent_id":"2"
    },
    {
        "id":"57",
        "name":"West Siang",
        "parent_id":"2"
    },
    {
        "id":"58",
        "name":"East Siang",
        "parent_id":"2"
    },
    {
        "id":"59",
        "name":"Siang",
        "parent_id":"2"
    },
    {
        "id":"60",
        "name":"Upper Siang",
        "parent_id":"2"
    },
    {
        "id":"61",
        "name":"Lower Siang",
        "parent_id":"2"
    },
    {
        "id":"62",
        "name":"Lower Dibang Valley",
        "parent_id":"2"
    },
    {
        "id":"63",
        "name":"Dibang Valley",
        "parent_id":"2"
    },
    {
        "id":"64",
        "name":"Anjaw",
        "parent_id":"2"
    },
    {
        "id":"65",
        "name":"Lohit",
        "parent_id":"2"
    },
    {
        "id":"66",
        "name":"Namsai",
        "parent_id":"2"
    },
    {
        "id":"67",
        "name":"Changlang",
        "parent_id":"2"
    },
    {
        "id":"68",
        "name":"Tirap",
        "parent_id":"2"
    },
    {
        "id":"69",
        "name":"Longding",
        "parent_id":"2"
    },
    {
        "id":"70",
        "name":"Baksa",
        "parent_id":"3"
    },
    {
        "id":"71",
        "name":"Barpeta",
        "parent_id":"3"
    },
    {
        "id":"72",
        "name":"Biswanath",
        "parent_id":"3"
    },
    {
        "id":"73",
        "name":"Bongaigaon",
        "parent_id":"3"
    },
    {
        "id":"74",
        "name":"Cachar",
        "parent_id":"3"
    },
    {
        "id":"75",
        "name":"Charaideo",
        "parent_id":"3"
    },
    {
        "id":"76",
        "name":"Chirang",
        "parent_id":"3"
    },
    {
        "id":"77",
        "name":"Darrang",                                         
        "parent_id":"3"
    },
    {
        "id":"78",                                                                   
        "name":"Dhemaji",
        "parent_id":"3"
    },
    {
        "id":"79",
        "name":"Dhubri",
        "parent_id":"3"
    },
    {
        "id":"80",
        "name":"Dibrugarh",
        "parent_id":"3"
    },
    {
        "id":"81",
        "name":"Goalpara",
        "parent_id":"3"
    },
    {
        "id":"82",
        "name":"Golaghat",
        "parent_id":"3"
    },
    {
        "id":"83",
        "name":"Hailakandi",
        "parent_id":"3"
    },
    {
        "id":"84",
        "name":"Hojai",
        "parent_id":"3"
    },
    {
        "id":"85",
        "name":"Jorhat",
        "parent_id":"3"
    },
    {
        "id":"86",
        "name":"Kamrup Metropolitan",
        "parent_id":"3"
    },
    {
        "id":"87",
        "name":"Kamrup",
        "parent_id":"3"
    },
    {
        "id":"88",
        "name":"Karbi Anglong",
        "parent_id":"3"
    },
    {
        "id":"89",
        "name":"Karimganj",
        "parent_id":"3"
    },
    {
        "id":"90",
        "name":"Kokrajhar",
        "parent_id":"3"
    },
    {
        "id":"91",
        "name":"Lakhimpur",
        "parent_id":"3"
    },
    {
        "id":"92",
        "name":"Majuli",
        "parent_id":"3"
    },
    {
        "id":"93",
        "name":"Morigaon",
        "parent_id":"3"
    },
    {
        "id":"94",
        "name":"Nagaon",
        "parent_id":"3"
    },
    {
        "id":"95",
        "name":"Nalbari",
        "parent_id":"3"
    },
    {
        "id":"96",
        "name":"Dima Hasao",
        "parent_id":"3"
    },
    {
        "id":"97",
        "name":"Sivasagar",
        "parent_id":"3"
    },
    {
        "id":"98",
        "name":"Sonitpur",
        "parent_id":"3"
    },
    {
        "id":"99",
        "name":"South Salmara-Mankachar",
        "parent_id":"3"
    },
    {
        "id":"100",
        "name":"Tinsukia",
        "parent_id":"3"
    },
    {
        "id":"101",
        "name":"Udalguri",
        "parent_id":"3"
    },
    {
        "id":"102",
        "name":"West Karbi Anglong",
        "parent_id":"3"
    },
    {
        "id":"103",
        "name":"Araria",
        "parent_id":"4"
    },
    {
        "id":"104",
        "name":"Arwal",
        "parent_id":"4"
    },
    {
        "id":"105",
        "name":"Aurangabad",
        "parent_id":"4"
    },
    {
        "id":"106",
        "name":"Banka",
        "parent_id":"4"
    },
    {
        "id":"107",
        "name":"Begusarai",
        "parent_id":"4"
    },
    {
        "id":"108",
        "name":"Bhagalpur",
        "parent_id":"4"
    },
    {
        "id":"109",
        "name":"Bhojpur",
        "parent_id":"4"
    },
    {
        "id":"110",
        "name":"Buxar",
        "parent_id":"4"
    },
    {
        "id":"111",
        "name":"Darbhanga",
        "parent_id":"4"
    },
    {
        "id":"112",
        "name":"East Champaran (Motihari)",
        "parent_id":"4"
    },
    {
        "id":"113",
        "name":"Gaya",
        "parent_id":"4"
    },
    {
        "id":"114",
        "name":"Gopalganj",
        "parent_id":"4"
    },
    {
        "id":"115",
        "name":"Jamui",
        "parent_id":"4"
    },
    {
        "id":"116",
        "name":"Jehanabad",
        "parent_id":"4"
    },
    {
        "id":"117",
        "name":"Kaimur (Bhabua)",
        "parent_id":"4"
    },
    {
        "id":"118",
        "name":"Katihar",
        "parent_id":"4"
    },
    {
        "id":"119",
        "name":"Khagaria",
        "parent_id":"4"
    },
    {
        "id":"120",
        "name":"Kishanganj",
        "parent_id":"4"
    },
    {
        "id":"121",
        "name":"Lakhisarai",
        "parent_id":"4"
    },
    {
        "id":"122",
        "name":"Madhepura",
        "parent_id":"4"
    },
    {
        "id":"123",
        "name":"Madhubani",
        "parent_id":"4"
    },
    {
        "id":"124",
        "name":"Munger (Monghyr)",
        "parent_id":"4"
    },
    {
        "id":"125",
        "name":"Muzaffarpur",
        "parent_id":"4"
    },
    {
        "id":"126",
        "name":"Nalanda",
        "parent_id":"4"
    },
    {
        "id":"127",
        "name":"Nawada",
        "parent_id":"4"
    },
    {
        "id":"128",
        "name":"Patna",
        "parent_id":"4"
    },
    {
        "id":"129",
        "name":"Purnia (Purnea)",
        "parent_id":"4"
    },
    {
        "id":"130",
        "name":"Rohtas",
        "parent_id":"4"
    },
    {
        "id":"131",
        "name":"Saharsa",
        "parent_id":"4"
    },
    {
        "id":"132",
        "name":"Samastipur",
        "parent_id":"4"
    },
    {
        "id":"133",
        "name":"Saran",
        "parent_id":"4"
    },
    {
        "id":"134",
        "name":"Sheikhpura",
        "parent_id":"4"
    },
    {
        "id":"135",
        "name":"Sheohar",
        "parent_id":"4"
    },
    {
        "id":"136",
        "name":"Sitamarhi",
        "parent_id":"4"
    },
    {
        "id":"137",
        "name":"Siwan",
        "parent_id":"4"
    },
    {
        "id":"138",
        "name":"Supaul",
        "parent_id":"4"
    },
    {
        "id":"139",
        "name":"Vaishali",
        "parent_id":"4"
    },
    {
        "id":"140",
        "name":"West Champaran",
        "parent_id":"4"
    },
    {
        "id":"141",
        "name":"Chandigarh",
        "parent_id":"5"
    },
    {
        "id":"142",
        "name":"Balod",
        "parent_id":"6"
    },
    {
        "id":"143",
        "name":"Baloda Bazar",
        "parent_id":"6"
    },
    {
        "id":"144",
        "name":"Balrampur",
        "parent_id":"6"
    },
    {
        "id":"145",
        "name":"Bastar",
        "parent_id":"6"
    },
    {
        "id":"146",
        "name":"Bemetara",
        "parent_id":"6"
    },
    {
        "id":"147",
        "name":"Bijapur",
        "parent_id":"6"
    },
    {
        "id":"148",
        "name":"Bilaspur",
        "parent_id":"6"
    },
    {
        "id":"149",
        "name":"Dantewada (South Bastar)",
        "parent_id":"6"
    },
    {
        "id":"150",
        "name":"Dhamtari",
        "parent_id":"6"
    },
    {
        "id":"151",
        "name":"Durg",
        "parent_id":"6"
    },
    {
        "id":"152",
        "name":"Gariyaband",
        "parent_id":"6"
    },
    {
        "id":"153",
        "name":"Janjgir-Champa",
        "parent_id":"6"
    },
    {
        "id":"154",
        "name":"Jashpur",
        "parent_id":"6"
    },
    {
        "id":"155",
        "name":"Kabirdham (Kawardha)",
        "parent_id":"6"
    },
    {
        "id":"156",
        "name":"Kanker (North Bastar)",
        "parent_id":"6"
    },
    {
        "id":"157",
        "name":"Kondagaon",
        "parent_id":"6"
    },
    {
        "id":"158",
        "name":"Korba",
        "parent_id":"6"
    },
    {
        "id":"159",
        "name":"Korea (Koriya)",
        "parent_id":"6"
    },
    {
        "id":"160",
        "name":"Mahasamund",
        "parent_id":"6"
    },
    {
        "id":"161",
        "name":"Mungeli",
        "parent_id":"6"
    },
    {
        "id":"162",
        "name":"Narayanpur",
        "parent_id":"6"
    },
    {
        "id":"163",
        "name":"Raigarh",
        "parent_id":"6"
    },
    {
        "id":"164",
        "name":"Raipur",
        "parent_id":"6"
    },
    {
        "id":"165",
        "name":"Rajnandgaon",
        "parent_id":"6"
    },
    {
        "id":"166",
        "name":"Sukma",
        "parent_id":"6"
    },
    {
        "id":"167",
        "name":"Surajpur",
        "parent_id":"6"
    },
    {
        "id":"168",
        "name":"Surguja",
        "parent_id":"6"
    },
    {
        "id":"169",
        "name":"Dadra & Nagar Haveli",
        "parent_id":"7"
    },
    {
        "id":"170",
        "name":"Daman",
        "parent_id":"8"
    },
    {
        "id":"171",
        "name":"Diu",
        "parent_id":"8"
    },
    {
        "id":"172",
        "name":"Central Delhi",
        "parent_id":"9"
    },
    {
        "id":"173",
        "name":"East Delhi",
        "parent_id":"9"
    },
    {
        "id":"174",
        "name":"New Delhi",
        "parent_id":"9"
    },
    {
        "id":"175",
        "name":"North Delhi",
        "parent_id":"9"
    },
    {
        "id":"176",
        "name":"North East  Delhi",
        "parent_id":"9"
    },
    {
        "id":"177",
        "name":"North West  Delhi",
        "parent_id":"9"
    },
    {
        "id":"178",
        "name":"Shahdara",
        "parent_id":"9"
    },
    {
        "id":"179",
        "name":"South Delhi",
        "parent_id":"9"
    },
    {
        "id":"180",
        "name":"South East Delhi",
        "parent_id":"9"
    },
    {
        "id":"181",
        "name":"South West  Delhi",
        "parent_id":"9"
    },
    {
        "id":"182",
        "name":"West Delhi",
        "parent_id":"9"
    },
    {
        "id":"183",
        "name":"North Goa",
        "parent_id":"10"
    },
    {
        "id":"184",
        "name":"South Goa",
        "parent_id":"10"
    },
    {
        "id":"185",
        "name":"Amreli",
        "parent_id":"11"
    },
    {
        "id":"186",
        "name":"Ahmedabad",
        "parent_id":"11"
    },
    {
        "id":"187",
        "name":"Anand",
        "parent_id":"11"
    },
    {
        "id":"188",
        "name":"Aravalli",
        "parent_id":"11"
    },
    {
        "id":"189",
        "name":"Banaskantha (Palanpur)",
        "parent_id":"11"
    },
    {
        "id":"190",
        "name":"Bharuch",
        "parent_id":"11"
    },
    {
        "id":"191",
        "name":"Bhavnagar",
        "parent_id":"11"
    },
    {
        "id":"192",
        "name":"Botad",
        "parent_id":"11"
    },
    {
        "id":"193",
        "name":"Chhota Udepur",
        "parent_id":"11"
    },
    {
        "id":"194",
        "name":"Dangs (Ahwa)",
        "parent_id":"11"
    },
    {
        "id":"195",
        "name":"Devbhoomi Dwarka",
        "parent_id":"11"
    },
    {
        "id":"196",
        "name":"Gandhinagar",
        "parent_id":"11"
    },
    {
        "id":"197",
        "name":"Gir Somnath",
        "parent_id":"11"
    },
    {
        "id":"198",
        "name":"Jamnagar",
        "parent_id":"11"
    },
    {
        "id":"199",
        "name":"Junagadh",
        "parent_id":"11"
    },
    {
        "id":"200",
        "name":"Kachchh",
        "parent_id":"11"
    },
    {
        "id":"201",
        "name":"Kheda (Nadiad)",
        "parent_id":"11"
    },
    {
        "id":"202",
        "name":"Mahisagar",
        "parent_id":"11"
    },
    {
        "id":"203",
        "name":"Mehsana",
        "parent_id":"11"
    },
    {
        "id":"204",
        "name":"Morbi",
        "parent_id":"11"
    },
    {
        "id":"205",
        "name":"Narmada (Rajpipla)",
        "parent_id":"11"
    },
    {
        "id":"206",
        "name":"Navsari",
        "parent_id":"11"
    },
    {
        "id":"207",
        "name":"Panchmahal (Godhra)",
        "parent_id":"11"
    },
    {
        "id":"208",
        "name":"Patan",
        "parent_id":"11"
    },
    {
        "id":"209",
        "name":"Porbandar",
        "parent_id":"11"
    },
    {
        "id":"210",
        "name":"Rajkot",
        "parent_id":"11"
    },
    {
        "id":"211",
        "name":"Sabarkantha (Himmatnagar)",
        "parent_id":"11"
    },
    {
        "id":"212",
        "name":"Surat",
        "parent_id":"11"
    },
    {
        "id":"213",
        "name":"Surendranagar",
        "parent_id":"11"
    },
    {
        "id":"214",
        "name":"Tapi (Vyara)",
        "parent_id":"11"
    },
    {
        "id":"215",
        "name":"Vadodara",
        "parent_id":"11"
    },
    {
        "id":"216",
        "name":"Valsad",
        "parent_id":"11"
    },
    {
        "id":"217",
        "name":"Ambala",
        "parent_id":"12"
    },
    {
        "id":"218",
        "name":"Bhiwani",
        "parent_id":"12"
    },
    {
        "id":"219",
        "name":"Charkhi Dadri",
        "parent_id":"12"
    },
    {
        "id":"220",
        "name":"Faridabad",
        "parent_id":"12"
    },
    {
        "id":"221",
        "name":"Fatehabad",
        "parent_id":"12"
    },
    {
        "id":"222",
        "name":"Gurgaon",
        "parent_id":"12"
    },
    {
        "id":"223",
        "name":"Hisar",
        "parent_id":"12"
    },
    {
        "id":"224",
        "name":"Jhajjar",
        "parent_id":"12"
    },
    {
        "id":"225",
        "name":"Jind",
        "parent_id":"12"
    },
    {
        "id":"226",
        "name":"Kaithal",
        "parent_id":"12"
    },
    {
        "id":"227",
        "name":"Karnal",
        "parent_id":"12"
    },
    {
        "id":"228",
        "name":"Kurukshetra",
        "parent_id":"12"
    },
    {
        "id":"229",
        "name":"Mahendragarh",
        "parent_id":"12"
    },
    {
        "id":"230",
        "name":"Mewat",
        "parent_id":"12"
    },
    {
        "id":"231",
        "name":"Palwal",
        "parent_id":"12"
    },
    {
        "id":"232",
        "name":"Panchkula",
        "parent_id":"12"
    },
    {
        "id":"233",
        "name":"Panipat",
        "parent_id":"12"
    },
    {
        "id":"234",
        "name":"Rewari",
        "parent_id":"12"
    },
    {
        "id":"235",
        "name":"Rohtak",
        "parent_id":"12"
    },
    {
        "id":"236",
        "name":"Sirsa",
        "parent_id":"12"
    },
    {
        "id":"237",
        "name":"Sonipat",
        "parent_id":"12"
    },
    {
        "id":"238",
        "name":"Yamunanagar",
        "parent_id":"12"
    },




    {
        "id":"239",
        "name":"",
        "parent_id":"13"
    },
    {
        "id":"240",
        "name":"",
        "parent_id":"13"
    },
    {
        "id":"241",
        "name":"",
        "parent_id":"13"
    },
    {
        "id":"242",
        "name":"",
        "parent_id":"13"
    },
    {
        "id":"243",
        "name":"",
        "parent_id":"13"
    },
    {
        "id":"244",
        "name":"",
        "parent_id":"13"
    },



]